-- MySQL dump 10.13  Distrib 5.6.25, for osx10.8 (x86_64)
--
-- Host: localhost    Database: dbTrends
-- ------------------------------------------------------
-- Server version	5.6.25

/*!40101 SET @OLD_CHARACTER_SET_CLIENT=@@CHARACTER_SET_CLIENT */;
/*!40101 SET @OLD_CHARACTER_SET_RESULTS=@@CHARACTER_SET_RESULTS */;
/*!40101 SET @OLD_COLLATION_CONNECTION=@@COLLATION_CONNECTION */;
/*!40101 SET NAMES utf8 */;
/*!40103 SET @OLD_TIME_ZONE=@@TIME_ZONE */;
/*!40103 SET TIME_ZONE='+00:00' */;
/*!40014 SET @OLD_UNIQUE_CHECKS=@@UNIQUE_CHECKS, UNIQUE_CHECKS=0 */;
/*!40014 SET @OLD_FOREIGN_KEY_CHECKS=@@FOREIGN_KEY_CHECKS, FOREIGN_KEY_CHECKS=0 */;
/*!40101 SET @OLD_SQL_MODE=@@SQL_MODE, SQL_MODE='NO_AUTO_VALUE_ON_ZERO' */;
/*!40111 SET @OLD_SQL_NOTES=@@SQL_NOTES, SQL_NOTES=0 */;

--
-- Table structure for table `trendsTerms`
--

DROP TABLE IF EXISTS `trendsTerms`;
/*!40101 SET @saved_cs_client     = @@character_set_client */;
/*!40101 SET character_set_client = utf8 */;
CREATE TABLE `trendsTerms` (
  `trendsTerms_id` int(11) NOT NULL AUTO_INCREMENT,
  `termino` varchar(250) NOT NULL,
  `descripcion` text,
  `link` varchar(250) DEFAULT NULL,
  `fecha_publicacion` varchar(100) NOT NULL,
  `fecha_reporte` int(11) DEFAULT NULL,
  PRIMARY KEY (`trendsTerms_id`)
) ENGINE=InnoDB AUTO_INCREMENT=22 DEFAULT CHARSET=latin1;
/*!40101 SET character_set_client = @saved_cs_client */;

--
-- Dumping data for table `trendsTerms`
--

LOCK TABLES `trendsTerms` WRITE;
/*!40000 ALTER TABLE `trendsTerms` DISABLE KEYS */;
INSERT INTO `trendsTerms` VALUES (1,'Televisa Deportes','','http://www.google.com/trends/hottrends?pn=p21#a=20150603-Televisa+Deportes','Wed, 03 Jun 2015 22:00:00 -0500',1433455754),(2,'Azteca Deportes','Tv Azteca Deportes','http://www.google.com/trends/hottrends?pn=p21#a=20150603-Azteca+Deportes','Wed, 03 Jun 2015 21:00:00 -0500',1433455754),(3,'Corpus Christi','','http://www.google.com/trends/hottrends?pn=p21#a=20150603-Corpus+Christi','Wed, 03 Jun 2015 23:00:00 -0500',1433455754),(4,'Rafa Benitez','','http://www.google.com/trends/hottrends?pn=p21#a=20150603-Rafa+Benitez','Wed, 03 Jun 2015 14:00:00 -0500',1433455754),(5,'Iggy Azalea','','http://www.google.com/trends/hottrends?pn=p21#a=20150603-Iggy+Azalea','Wed, 03 Jun 2015 10:00:00 -0500',1433455754),(6,'Esperanzas de Toulon','Torneo Esperanzas de Toulon 2015','http://www.google.com/trends/hottrends?pn=p21#a=20150603-Esperanzas+de+Toulon','Wed, 03 Jun 2015 17:00:00 -0500',1433455754),(7,'Fallout 4','','http://www.google.com/trends/hottrends?pn=p21#a=20150603-Fallout+4','Wed, 03 Jun 2015 10:00:00 -0500',1433455754),(8,'Mundial Sub 20 2015','','http://www.google.com/trends/hottrends?pn=p21#a=20150603-Mundial+Sub+20+2015','Wed, 03 Jun 2015 08:00:00 -0500',1433455754),(9,'Paolo Guerrero','','http://www.google.com/trends/hottrends?pn=p21#a=20150603-Paolo+Guerrero','Wed, 03 Jun 2015 22:00:00 -0500',1433455754),(10,'Val Kilmer','','http://www.google.com/trends/hottrends?pn=p21#a=20150603-Val+Kilmer','Wed, 03 Jun 2015 23:00:00 -0500',1433455754),(11,'Malillany Marin','','http://www.google.com/trends/hottrends?pn=p21#a=20150603-Malillany+Marin','Wed, 03 Jun 2015 19:00:00 -0500',1433455754),(12,'Mexico Vs Peru','Mexico Vs Peru 2015, Peru Vs Mexico, Mexico Peru','http://www.google.com/trends/hottrends?pn=p21#a=20150602-Mexico+Vs+Peru','Tue, 02 Jun 2015 20:00:00 -0500',1433455754),(13,'Joseph Blatter','Blatter, FIFA, Blatter RENUNCIA','http://www.google.com/trends/hottrends?pn=p21#a=20150602-Joseph+Blatter','Tue, 02 Jun 2015 13:00:00 -0500',1433455754),(14,'Huracan Blanca','tormenta Blanca','http://www.google.com/trends/hottrends?pn=p21#a=20150602-Huracan+Blanca','Tue, 02 Jun 2015 16:00:00 -0500',1433455754),(15,'Mundial Sub 20','Mexico Sub 20','http://www.google.com/trends/hottrends?pn=p21#a=20150602-Mundial+Sub+20','Tue, 02 Jun 2015 22:00:00 -0500',1433455754),(16,'Mexico Vs Uruguay','Mexico Vs Uruguay 2015','http://www.google.com/trends/hottrends?pn=p21#a=20150602-Mexico+Vs+Uruguay','Tue, 02 Jun 2015 23:00:00 -0500',1433455754),(17,'Cae Avioneta En Queretaro','Avioneta Queretaro, Noticias Queretaro','http://www.google.com/trends/hottrends?pn=p21#a=20150602-Cae+Avioneta+En+Queretaro','Tue, 02 Jun 2015 18:00:00 -0500',1433455754),(18,'ley seca','Ley Seca 2015','http://www.google.com/trends/hottrends?pn=p21#a=20150602-ley+seca','Tue, 02 Jun 2015 18:00:00 -0500',1433455754),(19,'Miguel Angel Luna Munguia','','http://www.google.com/trends/hottrends?pn=p21#a=20150602-Miguel+Angel+Luna+Munguia','Tue, 02 Jun 2015 20:00:00 -0500',1433455754),(20,'Ivonne Montero','','http://www.google.com/trends/hottrends?pn=p21#a=20150602-Ivonne+Montero','Tue, 02 Jun 2015 18:00:00 -0500',1433455754),(21,'termino','descripcion','mi link','date',1433458402);
/*!40000 ALTER TABLE `trendsTerms` ENABLE KEYS */;
UNLOCK TABLES;

--
-- Table structure for table `trendsTermsData`
--

DROP TABLE IF EXISTS `trendsTermsData`;
/*!40101 SET @saved_cs_client     = @@character_set_client */;
/*!40101 SET character_set_client = utf8 */;
CREATE TABLE `trendsTermsData` (
  `trendsTermsData_id` int(11) NOT NULL AUTO_INCREMENT,
  `trendsTerms_id` int(11) NOT NULL,
  `posicion` int(11) NOT NULL,
  `trafico` varchar(45) NOT NULL,
  `imagen` varchar(200) DEFAULT NULL,
  `imagen_fuente` varchar(200) DEFAULT NULL,
  `fecha_publicacion` varchar(60) DEFAULT NULL,
  `fecha_reporte` int(11) DEFAULT NULL,
  PRIMARY KEY (`trendsTermsData_id`)
) ENGINE=InnoDB AUTO_INCREMENT=61 DEFAULT CHARSET=latin1;
/*!40101 SET character_set_client = @saved_cs_client */;

--
-- Dumping data for table `trendsTermsData`
--

LOCK TABLES `trendsTermsData` WRITE;
/*!40000 ALTER TABLE `trendsTermsData` DISABLE KEYS */;
INSERT INTO `trendsTermsData` VALUES (1,1,1,'20,000+','//t0.gstatic.com/images?q=tbn:ANd9GcTNoBCTFTRCJ1tmlg6aE1Bec_D_oyIkCIp1Z0othK9ZAy-n0VSpGBJjdAAgmq8LxjcqF325w5tO','La Voz de la Frontera - OEM','Wed, 03 Jun 2015 22:00:00 -0500',1433460036),(2,2,2,'20,000+','//t3.gstatic.com/images?q=tbn:ANd9GcQtikRbwHMCuh8RRFqF5tlHDljr2UVqBcv2W4aiyv0HHWkLkCgNmUankb4psrZujj0L9VM5oW2i','Economíahoy.mx','Wed, 03 Jun 2015 21:00:00 -0500',1433460036),(3,3,3,'10,000+','//t3.gstatic.com/images?q=tbn:ANd9GcQG3gDAyW8ZH1DmkVtcO4uVmzEaRlYC6pJgkxoiRWv4-7CFVE0QW_Q5VgHRj7T4fFEzt93wnX4','Aleteia ES','Wed, 03 Jun 2015 23:00:00 -0500',1433460036),(4,4,4,'10,000+','//t2.gstatic.com/images?q=tbn:ANd9GcQCdv3yeC-S9ui69xcE4TZmvGjL5WFJwye0P9tLCVNn0zD6yrcvL5uGIVlLHsyl6KtC8gs5-nE','Clarín.com','Wed, 03 Jun 2015 14:00:00 -0500',1433460036),(5,5,5,'5,000+','//t0.gstatic.com/images?q=tbn:ANd9GcSMASM9BskUmkxyMnvaI704WjtpJ4jirwPXH64KRW6jsfQI8pDgKRvLyDU07L4CJtbGAt2yyTU','E! Online Latino | Andes','Wed, 03 Jun 2015 10:00:00 -0500',1433460036),(6,6,6,'5,000+','//t0.gstatic.com/images?q=tbn:ANd9GcS-MMnLU_GF5UStRvxT2SoMReC_n4NFu1eQErcAOH712SRsBrxxOSZ0iYiqe8yOK_rEQ8Lw97Jw','Terra México','Wed, 03 Jun 2015 17:00:00 -0500',1433460036),(7,7,7,'5,000+','//t3.gstatic.com/images?q=tbn:ANd9GcSnBBZbRLDh8U9NDeWvnTY2fHJRPU_c2kzlqkVhNWQLgfWxqYl1eg9wPBRuf6jfoQ1-VCKz9jQ','Gizmodo en Español','Wed, 03 Jun 2015 10:00:00 -0500',1433460036),(8,8,8,'5,000+','//t2.gstatic.com/images?q=tbn:ANd9GcSF1dvlyGEZkval6dKZLCMvdSpVnf2Irg9iTpFhpkCCbD8_eO2n40IVLgMEsrmnQecQZ2dj1uk','Univisión','Wed, 03 Jun 2015 08:00:00 -0500',1433460036),(9,9,9,'5,000+','//t3.gstatic.com/images?q=tbn:ANd9GcQO4epPD6wpGUeLgjy0v3wWDwZ-yRXmcJ53tWOJ5DBwQfBWQH9-d3Wt72mCYRKdzK66fSi0G8s','El Comercio','Wed, 03 Jun 2015 22:00:00 -0500',1433460036),(10,10,10,'5,000+','//t1.gstatic.com/images?q=tbn:ANd9GcS4ukNhsD9RjXIIQ0tjk9e9y4X0yCVCD-XegcCO6kcxw74o3OBadMM16Bt5Msac-P5Nc3j37CEo','los40','Wed, 03 Jun 2015 23:00:00 -0500',1433460036),(11,11,11,'5,000+','//t3.gstatic.com/images?q=tbn:ANd9GcTFHqlmJtxkd4HKp4D_kchDukKJw52Mytau8ZHHvk0Fb-lXLJEeWbFo7wlfd8LxoVsxEN4Y9LA','EL DEBATE (Comunicado de prensa) (Registro)','Wed, 03 Jun 2015 19:00:00 -0500',1433460036),(12,12,1,'50,000+','//t0.gstatic.com/images?q=tbn:ANd9GcTxoMyuje-K9etEdWQ7nFGti8RriRm1l_wlJK8nnH9eitjOtztTl_YXEil8R1CmAZtJwgUC_Js','EL DEBATE (Comunicado de prensa) (Registro)','Tue, 02 Jun 2015 20:00:00 -0500',1433460036),(13,13,2,'50,000+','//t2.gstatic.com/images?q=tbn:ANd9GcQjB7XxX_f1dAegVsrrHYVppVEYZrFaL3nFuPoAbuJwNIB70IEgoBT5bzWxU0KD2BqcjRFdIVV0','ESPN Deportes','Tue, 02 Jun 2015 13:00:00 -0500',1433460036),(14,14,3,'20,000+','//t3.gstatic.com/images?q=tbn:ANd9GcQDXBp9fnrNQxIlwzjkNzsyTjIV0ALitiVhuHnWcnD6sM8oxFAuf06O_T0hkBPMrzwAiAxk6Zai','CNN México.com','Tue, 02 Jun 2015 16:00:00 -0500',1433460036),(15,15,4,'20,000+','//t3.gstatic.com/images?q=tbn:ANd9GcTGWa2e8UkOGC5M0iAOjwol8dDIEpBWUnODjT5N9iVurmYydiS6BBrHqRNbwvCrvifGuAjamFM','Milenio.com','Tue, 02 Jun 2015 22:00:00 -0500',1433460036),(16,16,5,'20,000+','//t0.gstatic.com/images?q=tbn:ANd9GcSrOAJDjnnp39adUXV0O4qggVGH3_9ubM6FOEF8HegBtz6M3d4NORymJXhvAWdQo5TqcRyWMDU','VAVEL.com','Tue, 02 Jun 2015 23:00:00 -0500',1433460036),(17,17,6,'20,000+','//t1.gstatic.com/images?q=tbn:ANd9GcS1cfOnM0t5fw9wItTkEgaJrJ9eLM7X8Q134H1Ha-mjv7Z1htqRv2MzppOS73sVEsEv_ys4du4','El Financiero','Tue, 02 Jun 2015 18:00:00 -0500',1433460036),(18,18,7,'20,000+','//t0.gstatic.com/images?q=tbn:ANd9GcTCyksqr9EwXUkpQrvnPMntrFB0T6n70EKRe3t1Y1-h8Dt3eWBI6CyU0Zzngawxm6KaigTjfPw','Milenio.com','Tue, 02 Jun 2015 18:00:00 -0500',1433460036),(19,19,8,'5,000+','//t0.gstatic.com/images?q=tbn:ANd9GcQQ2Gr4VJxkeJVODIN0cxjhhfRFdBA8ZGTHCf159-JuqTxmqmGwsra5M0yitZvVPzuaEDQct750','Milenio.com','Tue, 02 Jun 2015 20:00:00 -0500',1433460036),(20,20,9,'5,000+','//t0.gstatic.com/images?q=tbn:ANd9GcRU-AUskJzIP5hUAqZrExlbD7j3aN0SYM9dWBo8qBxHWJ8rP5LcgiZu-m71QldwA9dxP1-QedJq','El Siglo de Torreón','Tue, 02 Jun 2015 18:00:00 -0500',1433460036),(21,1,1,'20,000+','//t0.gstatic.com/images?q=tbn:ANd9GcTNoBCTFTRCJ1tmlg6aE1Bec_D_oyIkCIp1Z0othK9ZAy-n0VSpGBJjdAAgmq8LxjcqF325w5tO','La Voz de la Frontera - OEM','Wed, 03 Jun 2015 22:00:00 -0500',1433460241),(22,2,2,'20,000+','//t3.gstatic.com/images?q=tbn:ANd9GcQtikRbwHMCuh8RRFqF5tlHDljr2UVqBcv2W4aiyv0HHWkLkCgNmUankb4psrZujj0L9VM5oW2i','Economíahoy.mx','Wed, 03 Jun 2015 21:00:00 -0500',1433460241),(23,3,3,'10,000+','//t3.gstatic.com/images?q=tbn:ANd9GcQG3gDAyW8ZH1DmkVtcO4uVmzEaRlYC6pJgkxoiRWv4-7CFVE0QW_Q5VgHRj7T4fFEzt93wnX4','Aleteia ES','Wed, 03 Jun 2015 23:00:00 -0500',1433460241),(24,4,4,'10,000+','//t2.gstatic.com/images?q=tbn:ANd9GcQCdv3yeC-S9ui69xcE4TZmvGjL5WFJwye0P9tLCVNn0zD6yrcvL5uGIVlLHsyl6KtC8gs5-nE','Clarín.com','Wed, 03 Jun 2015 14:00:00 -0500',1433460241),(25,5,5,'5,000+','//t0.gstatic.com/images?q=tbn:ANd9GcSMASM9BskUmkxyMnvaI704WjtpJ4jirwPXH64KRW6jsfQI8pDgKRvLyDU07L4CJtbGAt2yyTU','E! Online Latino | Andes','Wed, 03 Jun 2015 10:00:00 -0500',1433460241),(26,6,6,'5,000+','//t0.gstatic.com/images?q=tbn:ANd9GcS-MMnLU_GF5UStRvxT2SoMReC_n4NFu1eQErcAOH712SRsBrxxOSZ0iYiqe8yOK_rEQ8Lw97Jw','Terra México','Wed, 03 Jun 2015 17:00:00 -0500',1433460241),(27,7,7,'5,000+','//t3.gstatic.com/images?q=tbn:ANd9GcSnBBZbRLDh8U9NDeWvnTY2fHJRPU_c2kzlqkVhNWQLgfWxqYl1eg9wPBRuf6jfoQ1-VCKz9jQ','Gizmodo en Español','Wed, 03 Jun 2015 10:00:00 -0500',1433460241),(28,8,8,'5,000+','//t2.gstatic.com/images?q=tbn:ANd9GcSF1dvlyGEZkval6dKZLCMvdSpVnf2Irg9iTpFhpkCCbD8_eO2n40IVLgMEsrmnQecQZ2dj1uk','Univisión','Wed, 03 Jun 2015 08:00:00 -0500',1433460241),(29,9,9,'5,000+','//t3.gstatic.com/images?q=tbn:ANd9GcQO4epPD6wpGUeLgjy0v3wWDwZ-yRXmcJ53tWOJ5DBwQfBWQH9-d3Wt72mCYRKdzK66fSi0G8s','El Comercio','Wed, 03 Jun 2015 22:00:00 -0500',1433460241),(30,10,10,'5,000+','//t1.gstatic.com/images?q=tbn:ANd9GcS4ukNhsD9RjXIIQ0tjk9e9y4X0yCVCD-XegcCO6kcxw74o3OBadMM16Bt5Msac-P5Nc3j37CEo','los40','Wed, 03 Jun 2015 23:00:00 -0500',1433460241),(31,11,11,'5,000+','//t3.gstatic.com/images?q=tbn:ANd9GcTFHqlmJtxkd4HKp4D_kchDukKJw52Mytau8ZHHvk0Fb-lXLJEeWbFo7wlfd8LxoVsxEN4Y9LA','EL DEBATE (Comunicado de prensa) (Registro)','Wed, 03 Jun 2015 19:00:00 -0500',1433460241),(32,12,1,'50,000+','//t0.gstatic.com/images?q=tbn:ANd9GcTxoMyuje-K9etEdWQ7nFGti8RriRm1l_wlJK8nnH9eitjOtztTl_YXEil8R1CmAZtJwgUC_Js','EL DEBATE (Comunicado de prensa) (Registro)','Tue, 02 Jun 2015 20:00:00 -0500',1433460241),(33,13,2,'50,000+','//t2.gstatic.com/images?q=tbn:ANd9GcQjB7XxX_f1dAegVsrrHYVppVEYZrFaL3nFuPoAbuJwNIB70IEgoBT5bzWxU0KD2BqcjRFdIVV0','ESPN Deportes','Tue, 02 Jun 2015 13:00:00 -0500',1433460241),(34,14,3,'20,000+','//t3.gstatic.com/images?q=tbn:ANd9GcQDXBp9fnrNQxIlwzjkNzsyTjIV0ALitiVhuHnWcnD6sM8oxFAuf06O_T0hkBPMrzwAiAxk6Zai','CNN México.com','Tue, 02 Jun 2015 16:00:00 -0500',1433460241),(35,15,4,'20,000+','//t3.gstatic.com/images?q=tbn:ANd9GcTGWa2e8UkOGC5M0iAOjwol8dDIEpBWUnODjT5N9iVurmYydiS6BBrHqRNbwvCrvifGuAjamFM','Milenio.com','Tue, 02 Jun 2015 22:00:00 -0500',1433460241),(36,16,5,'20,000+','//t0.gstatic.com/images?q=tbn:ANd9GcSrOAJDjnnp39adUXV0O4qggVGH3_9ubM6FOEF8HegBtz6M3d4NORymJXhvAWdQo5TqcRyWMDU','VAVEL.com','Tue, 02 Jun 2015 23:00:00 -0500',1433460241),(37,17,6,'20,000+','//t1.gstatic.com/images?q=tbn:ANd9GcS1cfOnM0t5fw9wItTkEgaJrJ9eLM7X8Q134H1Ha-mjv7Z1htqRv2MzppOS73sVEsEv_ys4du4','El Financiero','Tue, 02 Jun 2015 18:00:00 -0500',1433460241),(38,18,7,'20,000+','//t0.gstatic.com/images?q=tbn:ANd9GcTCyksqr9EwXUkpQrvnPMntrFB0T6n70EKRe3t1Y1-h8Dt3eWBI6CyU0Zzngawxm6KaigTjfPw','Milenio.com','Tue, 02 Jun 2015 18:00:00 -0500',1433460241),(39,19,8,'5,000+','//t0.gstatic.com/images?q=tbn:ANd9GcQQ2Gr4VJxkeJVODIN0cxjhhfRFdBA8ZGTHCf159-JuqTxmqmGwsra5M0yitZvVPzuaEDQct750','Milenio.com','Tue, 02 Jun 2015 20:00:00 -0500',1433460241),(40,20,9,'5,000+','//t0.gstatic.com/images?q=tbn:ANd9GcRU-AUskJzIP5hUAqZrExlbD7j3aN0SYM9dWBo8qBxHWJ8rP5LcgiZu-m71QldwA9dxP1-QedJq','El Siglo de Torreón','Tue, 02 Jun 2015 18:00:00 -0500',1433460241),(41,1,1,'20,000+','//t0.gstatic.com/images?q=tbn:ANd9GcTNoBCTFTRCJ1tmlg6aE1Bec_D_oyIkCIp1Z0othK9ZAy-n0VSpGBJjdAAgmq8LxjcqF325w5tO','La Voz de la Frontera - OEM','Wed, 03 Jun 2015 22:00:00 -0500',1433460356),(42,2,2,'20,000+','//t3.gstatic.com/images?q=tbn:ANd9GcQtikRbwHMCuh8RRFqF5tlHDljr2UVqBcv2W4aiyv0HHWkLkCgNmUankb4psrZujj0L9VM5oW2i','Economíahoy.mx','Wed, 03 Jun 2015 21:00:00 -0500',1433460356),(43,3,3,'10,000+','//t3.gstatic.com/images?q=tbn:ANd9GcQG3gDAyW8ZH1DmkVtcO4uVmzEaRlYC6pJgkxoiRWv4-7CFVE0QW_Q5VgHRj7T4fFEzt93wnX4','Aleteia ES','Wed, 03 Jun 2015 23:00:00 -0500',1433460356),(44,4,4,'10,000+','//t2.gstatic.com/images?q=tbn:ANd9GcQCdv3yeC-S9ui69xcE4TZmvGjL5WFJwye0P9tLCVNn0zD6yrcvL5uGIVlLHsyl6KtC8gs5-nE','Clarín.com','Wed, 03 Jun 2015 14:00:00 -0500',1433460356),(45,5,5,'5,000+','//t0.gstatic.com/images?q=tbn:ANd9GcSMASM9BskUmkxyMnvaI704WjtpJ4jirwPXH64KRW6jsfQI8pDgKRvLyDU07L4CJtbGAt2yyTU','E! Online Latino | Andes','Wed, 03 Jun 2015 10:00:00 -0500',1433460356),(46,6,6,'5,000+','//t0.gstatic.com/images?q=tbn:ANd9GcS-MMnLU_GF5UStRvxT2SoMReC_n4NFu1eQErcAOH712SRsBrxxOSZ0iYiqe8yOK_rEQ8Lw97Jw','Terra México','Wed, 03 Jun 2015 17:00:00 -0500',1433460356),(47,7,7,'5,000+','//t3.gstatic.com/images?q=tbn:ANd9GcSnBBZbRLDh8U9NDeWvnTY2fHJRPU_c2kzlqkVhNWQLgfWxqYl1eg9wPBRuf6jfoQ1-VCKz9jQ','Gizmodo en Español','Wed, 03 Jun 2015 10:00:00 -0500',1433460356),(48,8,8,'5,000+','//t2.gstatic.com/images?q=tbn:ANd9GcSF1dvlyGEZkval6dKZLCMvdSpVnf2Irg9iTpFhpkCCbD8_eO2n40IVLgMEsrmnQecQZ2dj1uk','Univisión','Wed, 03 Jun 2015 08:00:00 -0500',1433460356),(49,9,9,'5,000+','//t3.gstatic.com/images?q=tbn:ANd9GcQO4epPD6wpGUeLgjy0v3wWDwZ-yRXmcJ53tWOJ5DBwQfBWQH9-d3Wt72mCYRKdzK66fSi0G8s','El Comercio','Wed, 03 Jun 2015 22:00:00 -0500',1433460356),(50,10,10,'5,000+','//t1.gstatic.com/images?q=tbn:ANd9GcS4ukNhsD9RjXIIQ0tjk9e9y4X0yCVCD-XegcCO6kcxw74o3OBadMM16Bt5Msac-P5Nc3j37CEo','los40','Wed, 03 Jun 2015 23:00:00 -0500',1433460356),(51,11,11,'5,000+','//t3.gstatic.com/images?q=tbn:ANd9GcTFHqlmJtxkd4HKp4D_kchDukKJw52Mytau8ZHHvk0Fb-lXLJEeWbFo7wlfd8LxoVsxEN4Y9LA','EL DEBATE (Comunicado de prensa) (Registro)','Wed, 03 Jun 2015 19:00:00 -0500',1433460356),(52,12,1,'50,000+','//t0.gstatic.com/images?q=tbn:ANd9GcTxoMyuje-K9etEdWQ7nFGti8RriRm1l_wlJK8nnH9eitjOtztTl_YXEil8R1CmAZtJwgUC_Js','EL DEBATE (Comunicado de prensa) (Registro)','Tue, 02 Jun 2015 20:00:00 -0500',1433460356),(53,13,2,'50,000+','//t2.gstatic.com/images?q=tbn:ANd9GcQjB7XxX_f1dAegVsrrHYVppVEYZrFaL3nFuPoAbuJwNIB70IEgoBT5bzWxU0KD2BqcjRFdIVV0','ESPN Deportes','Tue, 02 Jun 2015 13:00:00 -0500',1433460356),(54,14,3,'20,000+','//t3.gstatic.com/images?q=tbn:ANd9GcQDXBp9fnrNQxIlwzjkNzsyTjIV0ALitiVhuHnWcnD6sM8oxFAuf06O_T0hkBPMrzwAiAxk6Zai','CNN México.com','Tue, 02 Jun 2015 16:00:00 -0500',1433460356),(55,15,4,'20,000+','//t3.gstatic.com/images?q=tbn:ANd9GcTGWa2e8UkOGC5M0iAOjwol8dDIEpBWUnODjT5N9iVurmYydiS6BBrHqRNbwvCrvifGuAjamFM','Milenio.com','Tue, 02 Jun 2015 22:00:00 -0500',1433460356),(56,16,5,'20,000+','//t0.gstatic.com/images?q=tbn:ANd9GcSrOAJDjnnp39adUXV0O4qggVGH3_9ubM6FOEF8HegBtz6M3d4NORymJXhvAWdQo5TqcRyWMDU','VAVEL.com','Tue, 02 Jun 2015 23:00:00 -0500',1433460356),(57,17,6,'20,000+','//t1.gstatic.com/images?q=tbn:ANd9GcS1cfOnM0t5fw9wItTkEgaJrJ9eLM7X8Q134H1Ha-mjv7Z1htqRv2MzppOS73sVEsEv_ys4du4','El Financiero','Tue, 02 Jun 2015 18:00:00 -0500',1433460356),(58,18,7,'20,000+','//t0.gstatic.com/images?q=tbn:ANd9GcTCyksqr9EwXUkpQrvnPMntrFB0T6n70EKRe3t1Y1-h8Dt3eWBI6CyU0Zzngawxm6KaigTjfPw','Milenio.com','Tue, 02 Jun 2015 18:00:00 -0500',1433460356),(59,19,8,'5,000+','//t0.gstatic.com/images?q=tbn:ANd9GcQQ2Gr4VJxkeJVODIN0cxjhhfRFdBA8ZGTHCf159-JuqTxmqmGwsra5M0yitZvVPzuaEDQct750','Milenio.com','Tue, 02 Jun 2015 20:00:00 -0500',1433460356),(60,20,9,'5,000+','//t0.gstatic.com/images?q=tbn:ANd9GcRU-AUskJzIP5hUAqZrExlbD7j3aN0SYM9dWBo8qBxHWJ8rP5LcgiZu-m71QldwA9dxP1-QedJq','El Siglo de Torreón','Tue, 02 Jun 2015 18:00:00 -0500',1433460356);
/*!40000 ALTER TABLE `trendsTermsData` ENABLE KEYS */;
UNLOCK TABLES;

--
-- Table structure for table `trendsTermsSource`
--

DROP TABLE IF EXISTS `trendsTermsSource`;
/*!40101 SET @saved_cs_client     = @@character_set_client */;
/*!40101 SET character_set_client = utf8 */;
CREATE TABLE `trendsTermsSource` (
  `trendsTermsSource_id` int(11) NOT NULL AUTO_INCREMENT,
  `trendsTermsData_id` int(11) NOT NULL,
  `titulo` varchar(200) NOT NULL,
  `descripcion` text,
  `url` varchar(250) DEFAULT NULL,
  `fuente` varchar(45) DEFAULT NULL,
  `fecha_reporte` int(11) NOT NULL,
  PRIMARY KEY (`trendsTermsSource_id`)
) ENGINE=InnoDB AUTO_INCREMENT=112 DEFAULT CHARSET=latin1;
/*!40101 SET character_set_client = @saved_cs_client */;

--
-- Dumping data for table `trendsTermsSource`
--

LOCK TABLES `trendsTermsSource` WRITE;
/*!40000 ALTER TABLE `trendsTermsSource` DISABLE KEYS */;
INSERT INTO `trendsTermsSource` VALUES (1,1,'Regresa Alfredo Perro Angulo','source_description','http://deportes.televisa.com/boxeo/2015-06-03/regresa-alfredo-perro-angulo/','TelevisaDeportes.com',1433460036),(2,2,'¿Tv <b>Azteca</b> realmente podría ir a la quiebra?','source_description','http://www.economiahoy.mx/economiahoy/opinion/noticias/6764205/06/15/Tv-Azteca-realmente-podria-ir-a-la-quiebra.html','Economíahoy.mx',1433460036),(3,3,'Entender y vivir el <b>Corpus Christi</b>','source_description','http://www.aleteia.org/es/religion/articulo/entender-y-vivir-el-corpus-christi-5907531528404992','Aleteia ES',1433460036),(4,3,'Hoy celebramos la Solemnidad del <b>Corpus Christi</b>','Un milagro eucarístico del siglo XIII fue el origen de la Fiesta del <b>Corpus Christi</b>, que la Iglesia celebra el jueves siguiente a la Solemnidad de la Santísima Trinidad; aunque en algunos países las Iglesias locales deciden trasladarla para el domingo <b>...</b>','https://www.aciprensa.com/noticias/hoy-celebramos-la-solemnidad-del-corpus-christi-el-milagro-de-amor-55794/','ACI Prensa',1433460036),(5,4,'<b>Rafa Benítez</b> fue presentado en el Real Madrid','source_description','http://www.clarin.com/deportes/futbol-internacional/Rafa-Benitez-presentado-Real-Madrid_0_1369063233.html','Clarín.com',1433460036),(6,4,'El español <b>Rafael Benítez</b> es el nuevo entrenador del Real Madrid','El Real Madrid anunció este miércoles el nombramiento del español <b>Rafael Benítez</b>, que sucede durante tres temporadas a Carlo Ancelotti y llega con la dura tarea de hacerlo tan bien como el italiano, victorioso en la Liga de Campeones del año pasado.','http://www.infobae.com/2015/06/03/1732888-el-espanol-rafael-benitez-es-el-nuevo-entrenador-del-real-madrid','InfoBAE.com',1433460036),(7,5,'Otro importante grupo pide boicotear a <b>Iggy Azalea</b> ¿Por qué todos <b>...</b>','source_description','http://la.eonline.com/andes/2015/otro-importante-grupo-pide-boicotear-a-iggy-azalea-por-que-todos-la-estan-odiando-video/','E! Online Latino | Andes',1433460036),(8,6,'A qué hora juega México vs Marruecos en <b>Esperanzas de Toulon</b>','source_description','http://deportes.terra.com.mx/futbol/el-tri/mexico-vs-marruecos-en-vivo-online-torneo-esperanzas-de-toulon-2015,34a2480dcfd99df859b5106d4db035d7c1wsRCRD.html','Terra México',1433460036),(9,6,'VIDEO: México vence a Inglaterra en el torneo <b>Esperanzas de Toulon</b>','La Selección Mexicana Sub-22 que dirige Raúl &#39;Potro&#39; Gutiérrez venció 2-1 al representativo de Inglaterra en el Torneo <b>Esperanzas de Toulon</b>, resultado con el cual se perfila para jugar la Final del certamen que se realiza en Francia y buscar su segundo&nbsp;...','http://www.sdpnoticias.com/deportes/2015/06/03/video-mexico-vence-a-inglaterra-en-el-torneo-esperanzas-de-toulon','SDPnoticias.com',1433460036),(10,7,'<b>Fallout 4</b> llegará a PC, Xbox One y PlayStation 4','source_description','http://es.gizmodo.com/hoy-llega-fallout-4-y-esta-es-su-primera-imagen-oficial-1708678932','Gizmodo en Español',1433460036),(11,7,'El debate sobre los gráficos vuelve con <b>Fallout 4</b>','Entre otras cosas, hablamos de una pieza que, lejos de ser una CGI nada representativa con respecto al producto final, utiliza el motor del juego en todo momento. Y es justo eso lo que más polémica está levantando. ¿Es <b>Fallout 4</b> un juego decepcionante&nbsp;...','http://hipertextual.com/2015/06/fallout-4-graficos','Hipertextual',1433460036),(12,8,'Honduras 0-3 Fiyi: Sorpresiva caída catracha en el <b>Mundial Sub 20</b>','source_description','http://futbol.univision.com/mundial-sub20/article/2015-06-04/honduras-0-3-fiyi-sorpresiva-mundial-sub-20-nueva-zelanda','Univisión',1433460036),(13,8,'Honduras cayó estrepitosamente contra Fiji en el <b>Mundial Sub</b>-<b>20</b>','Honduras cayó sorpresivamente y de una manera catastrófica 0-3 contra Fiji, que venía de ser goleada (8-1) por Alemania, pero que este miércoles dio la campanada de la segunda jornada del <b>Mundial Sub</b>-<b>20</b> de Nueva Zelanda <b>2015</b> en el AMI&nbsp;...','http://www.laprensa.hn/deportes/846038-410/honduras-cay%C3%B3-estrepitosamente-contra-fiji-en-el-mundial-sub-20','La Prensa de Honduras',1433460036),(14,9,'Alondra García Miró alentó a <b>Paolo Guerrero</b> desde la tribuna','source_description','http://elcomercio.pe/tvmas/farandula/alondra-garcia-miro-alienta-paolo-guerrero-desde-tribuna-noticia-1816086','El Comercio',1433460036),(15,9,'<b>Paolo Guerrero</b>: Alondra García Miró emocionó a periodistas <b>...</b>','Pero los halagos hacia Alondra García Miró no fueron los únicos. El suertudo <b>Paolo Guerrero</b> también se llevó las palmas de los mexicanos por tener tan guapísima novia. “Maldito Guerrero. Este Guerrero es un goleador en todos los aspectos de la vida.','http://depor.pe/futbol-peruano/paolo-guerrero-alondra-garcia-miro-emociono-periodistas-mexicanos-1044601','Diario Depor',1433460036),(16,10,'El deteriorado estado de <b>Val Kilmer</b> enciende las alarmas sobre su <b>...</b>','source_description','http://www.publimetro.cl/nota/showbiz/el-deteriorado-estado-de-val-kilmer-enciende-las-alarmas-sobre-su-salud/oEpofc!S9R14m61nqr3T_Xr8bp2rQ/','Publimetro Chile',1433460036),(17,10,'<b>Val Kilmer</b> está delicado de salud','El actor <b>Val Kilmer</b> conocido por las cintas &#39;Batman Forever&#39; o &#39;El príncipe de Egipto&#39;, recientemente lo vieron paseando por las calles de Malibú, con un aspecto muy delgado y decaído, llevaba una bufanda cubriendo su cuello y esto se debe a que hace&nbsp;...','http://los40.com.mx/los40/2015/06/04/cinetv/1433443629_078761.html','los40',1433460036),(18,11,'#Vídeo fotógrafos le dan la espalda a <b>Malillany Marín</b>','source_description','http://www.debate.com.mx/show/Video-fotografos-le-dan-la-espalda-a-Malillany-Marin-20150604-0071.html','EL DEBATE (Comunicado de prensa) (Registro)',1433460036),(19,11,'Fotógrafos le dan a espalda a <b>Malillany Marín</b>, ¡se...','El pasado mes de abril diversos fotógrafos dedicados a cubrir la fuente de espectáculos organizaron la tercera edición de la Expo Espectáculos en Plaza Galerías de las Estrellas, misma que culminó la primera semana de mayo y que pretendía tener como&nbsp;...','http://www.tvnotas.com.mx/2015/06/03/C-73767-fotografos-le-dan-a-espalda-a-malillany-marin-se-vengaron.php','TVNotas',1433460036),(20,12,'Inicia la segunda mitad del <b>México vs Perú</b>, sale Márquez','source_description','http://www.debate.com.mx/deportes/Inicia-la-segunda-mitad-del-Mexico-vs-Peru-sale-Marquez-20150603-0220.html','EL DEBATE (Comunicado de prensa) (Registro)',1433460036),(21,12,'<b>Perú</b> y <b>México</b> empataron 1-1 en el amistoso previo a la Copa <b>...</b>','<b>Perú</b> empató 1-1 ante <b>México</b> en el Estadio Nacional. La blanquirroja jugó su último amistoso de preparación para la Copa América 2015 antes de su debut ante Brasil, el 14 de junio. La selección peruana tuvo un buen primer tiempo con asociaciones entre&nbsp;...','http://peru21.pe/deportes/peru-vs-mexico-vivo-conoce-alineaciones-hora-canal-partido-2220093','Diario Perú21',1433460036),(22,13,'<b>Joseph Blatter</b> regresa a las oficinas de FIFA tras anuncio de renuncia','source_description','http://espndeportes.espn.go.com/news/story/_/id/2388937/joseph-blatter-regresa-a-las-oficinas-de-fifa-tras-anuncio-de-renuncia','ESPN Deportes',1433460036),(23,13,'<b>Joseph Blatter</b> puso su renuncia al frente de la FIFA','<b>Joseph Blatter</b> puso su renuncia al frente de la FIFA. El suizo, de 79 años, anunció su dimisión en una conferencia de prensa en Zúrich, seis días después de que el FBI realizó una redada en un hotel en la ciudad suiza y arrestó a varios funcionarios de <b>...</b>','http://www.eluniversal.com/deportes/futbol/150602/joseph-blatter-puso-su-renuncia-al-frente-de-la-fifa','El Universal (Venezuela)',1433460036),(24,14,'El <b>huracán</b> &#39;<b>Blanca</b>&#39; desciende a categoría 2, pero sí provocará lluvias','source_description','http://mexico.cnn.com/nacional/2015/06/03/el-huracan-blanca-provocara-lluvias-en-17-estados-y-el-df','CNN México.com',1433460036),(25,14,'<b>Huracán Blanca</b> cambia trayectoria; ya no apunta directamente a BCS','El comportamiento de <b>Blanca</b> ha sido errático. Ahora se abrió un poco al oeste. Hasta ayer a las 6 de la tarde el <b>huracán</b> presentaba una trayectoria directo a la punta de Cabo San Lucas en Baja California Sur, y hoy por la mañana los modelos nos dicen&nbsp;...','http://www.excelsior.com.mx/nacional/2015/06/04/1027642','Excélsior (Comunicado de prensa) (blog)',1433460036),(26,15,'Mantiene México esperanza','source_description','http://laaficion.milenio.com/seleccionmexicana/hirving_lozano_gol-mexico_uruguay-mundial_sub_20-nueva_zelanda_0_529747025.html','Milenio.com',1433460036),(27,15,'<b>Mundial Sub20</b> México gana de último minuto','De manera por demás dramática, en el último suspiro y con un gran gol, la Selección Mexicana logró su primera victoria en la Copa del Mundo <b>Sub</b>-<b>20</b> Nueva Zelanda 2015, al vencer 2-1 a Uruguay. Los goles de la victoria del cuadro mexicano fueron obra&nbsp;...','http://www.eluniversal.com.mx/deportes/2015/mundial-sub20-mexico-gana-de-ultimo-minuto-1104609.html','El Universal',1433460036),(28,16,'Resultado <b>México vs Uruguay</b> en Mundial Sub-20 2015 (2-1)','source_description','http://www.vavel.com/mx/futbol-mexicano/seleccion-mexicana/496737-mexico-vs-uruguay-en-vivo-y-en-directo-online-en-copa-mundial-sub-20-2015.html','VAVEL.com',1433460036),(29,16,'EN VIVO: <b>Uruguay</b> hace el del empate','Disparo de Guzmán que sale por encima del arco de <b>Uruguay</b>. Min 20. González salva al Tri con una gran atajada tras un disparo de media distancia. Min 19. <b>México</b> se salva, el portero González hace un mal despeje y el remate de los charrúas apenas&nbsp;...','http://www.publimetro.com.mx/publisport/en-vivo-mexico-vs-uruguay-mundial-sub-20/mofc!XJQ8EwPPzOmg/','Publimetro',1433460036),(30,17,'<b>Cae avioneta en Querétaro</b>; cierran autopista','source_description','http://noticieros.televisa.com/mexico-estados/1506/cae-avioneta-queretaro-cierran-autopista/','Noticieros Televisa',1433460036),(31,17,'<b>Cae avioneta</b> sobre la México-<b>Querétaro</b>; reportan 5 muertos','Hasta el momento se desconocen las causas del accidente, sólo que la aeronave salió del Aeropuerto Intercontinental de <b>Querétaro</b> (AIQ), que era una <b>avioneta</b> de la empresa Transportes Saltillo Monterrey (TSM), y que se trataba de un modelo M3 bimotor&nbsp;...','http://www.elfinanciero.com.mx/bajio/cae-avioneta-sobre-la-mexico-queretaro.html','El Financiero',1433460036),(32,18,'El INE pidió la <b>ley seca</b> en el DF: Héctor Serrano','source_description','http://www.milenio.com/df/Ley_seca_elecciones_DF-GDF_ley_seca-Hector_Serrano_ley_seca_7_de_junio_0_530347040.html','Milenio.com',1433460036),(33,18,'El INE solicitó <b>Ley Seca</b> en el DF, dice Serrano','... pero estamos obligados como gobierno a cumplir con la ley, y en el oficio que fue turnado a esta Secretaría fueron invocados los artículos respectivos que nos obliga a presentar desde a partir del primer minuto del sábado la <b>ley seca</b> que concluirá <b>...</b>','http://www.informador.com.mx/mexico/2015/595938/6/el-ine-solicito-ley-seca-en-el-df-dice-serrano.htm','Informador.com.mx',1433460036),(34,19,'¿Quién era <b>Miguel Ángel Luna Munguía</b>?','source_description','http://www.milenio.com/policia/perfil_miguel_angel_munguia-miguel_angel_munguia-candidato_prd_chalco_0_529147348.html','Milenio.com',1433460036),(35,19,'PGJEM tiene dos retratos hablados de homicidas de candidato','VALLE DE CHALCO, 3 de junio.- A un día del asesinato del candidato del PRD a diputado federal por el Distrito XXXII, <b>Miguel Ángel Luna Munguía</b>, la Procuraduría General de Justicia del Estado de México cuenta con dos retratos hablados y dos principales&nbsp;...','http://www.excelsior.com.mx/comunidad/2015/06/03/1027545','Excélsior (Comunicado de prensa) (blog)',1433460036),(36,20,'Hija de <b>Ivonne Montero</b> está en estado crítico','source_description','http://www.elsiglodetorreon.com.mx/noticia/1120582.hija-de-ivonne-montero-esta-en-estado-critico.html','El Siglo de Torreón',1433460036),(37,20,'Hija de <b>Ivonne Montero</b> se encuentra en terapia intensiva. Con Flor <b>...</b>','Hija de <b>Ivonne Montero</b> se encuentra en terapia intensiva. Con Flor Rubio. 02 de Junio, 2015. En su cuenta de Twitter, la actriz pidió a todos sus seguidores que se unieran a una cadena de oración para Antonella escribió &quot;..en estos lugares se sufre de&nbsp;...','http://www.radioformula.com.mx/notas.asp?Idn=506873&idFC=2015','RadioFórmula',1433460036),(38,21,'Regresa Alfredo Perro Angulo','source_description','http://deportes.televisa.com/boxeo/2015-06-03/regresa-alfredo-perro-angulo/','TelevisaDeportes.com',1433460241),(39,22,'¿Tv <b>Azteca</b> realmente podría ir a la quiebra?','source_description','http://www.economiahoy.mx/economiahoy/opinion/noticias/6764205/06/15/Tv-Azteca-realmente-podria-ir-a-la-quiebra.html','Economíahoy.mx',1433460241),(40,23,'Entender y vivir el <b>Corpus Christi</b>','source_description','http://www.aleteia.org/es/religion/articulo/entender-y-vivir-el-corpus-christi-5907531528404992','Aleteia ES',1433460241),(41,23,'Hoy celebramos la Solemnidad del <b>Corpus Christi</b>','Un milagro eucarístico del siglo XIII fue el origen de la Fiesta del <b>Corpus Christi</b>, que la Iglesia celebra el jueves siguiente a la Solemnidad de la Santísima Trinidad; aunque en algunos países las Iglesias locales deciden trasladarla para el domingo <b>...</b>','https://www.aciprensa.com/noticias/hoy-celebramos-la-solemnidad-del-corpus-christi-el-milagro-de-amor-55794/','ACI Prensa',1433460241),(42,24,'<b>Rafa Benítez</b> fue presentado en el Real Madrid','source_description','http://www.clarin.com/deportes/futbol-internacional/Rafa-Benitez-presentado-Real-Madrid_0_1369063233.html','Clarín.com',1433460241),(43,24,'El español <b>Rafael Benítez</b> es el nuevo entrenador del Real Madrid','El Real Madrid anunció este miércoles el nombramiento del español <b>Rafael Benítez</b>, que sucede durante tres temporadas a Carlo Ancelotti y llega con la dura tarea de hacerlo tan bien como el italiano, victorioso en la Liga de Campeones del año pasado.','http://www.infobae.com/2015/06/03/1732888-el-espanol-rafael-benitez-es-el-nuevo-entrenador-del-real-madrid','InfoBAE.com',1433460241),(44,25,'Otro importante grupo pide boicotear a <b>Iggy Azalea</b> ¿Por qué todos <b>...</b>','source_description','http://la.eonline.com/andes/2015/otro-importante-grupo-pide-boicotear-a-iggy-azalea-por-que-todos-la-estan-odiando-video/','E! Online Latino | Andes',1433460241),(45,26,'A qué hora juega México vs Marruecos en <b>Esperanzas de Toulon</b>','source_description','http://deportes.terra.com.mx/futbol/el-tri/mexico-vs-marruecos-en-vivo-online-torneo-esperanzas-de-toulon-2015,34a2480dcfd99df859b5106d4db035d7c1wsRCRD.html','Terra México',1433460241),(46,26,'VIDEO: México vence a Inglaterra en el torneo <b>Esperanzas de Toulon</b>','La Selección Mexicana Sub-22 que dirige Raúl &#39;Potro&#39; Gutiérrez venció 2-1 al representativo de Inglaterra en el Torneo <b>Esperanzas de Toulon</b>, resultado con el cual se perfila para jugar la Final del certamen que se realiza en Francia y buscar su segundo&nbsp;...','http://www.sdpnoticias.com/deportes/2015/06/03/video-mexico-vence-a-inglaterra-en-el-torneo-esperanzas-de-toulon','SDPnoticias.com',1433460241),(47,27,'<b>Fallout 4</b> llegará a PC, Xbox One y PlayStation 4','source_description','http://es.gizmodo.com/hoy-llega-fallout-4-y-esta-es-su-primera-imagen-oficial-1708678932','Gizmodo en Español',1433460241),(48,27,'El debate sobre los gráficos vuelve con <b>Fallout 4</b>','Entre otras cosas, hablamos de una pieza que, lejos de ser una CGI nada representativa con respecto al producto final, utiliza el motor del juego en todo momento. Y es justo eso lo que más polémica está levantando. ¿Es <b>Fallout 4</b> un juego decepcionante&nbsp;...','http://hipertextual.com/2015/06/fallout-4-graficos','Hipertextual',1433460241),(49,28,'Honduras 0-3 Fiyi: Sorpresiva caída catracha en el <b>Mundial Sub 20</b>','source_description','http://futbol.univision.com/mundial-sub20/article/2015-06-04/honduras-0-3-fiyi-sorpresiva-mundial-sub-20-nueva-zelanda','Univisión',1433460241),(50,28,'Honduras cayó estrepitosamente contra Fiji en el <b>Mundial Sub</b>-<b>20</b>','Honduras cayó sorpresivamente y de una manera catastrófica 0-3 contra Fiji, que venía de ser goleada (8-1) por Alemania, pero que este miércoles dio la campanada de la segunda jornada del <b>Mundial Sub</b>-<b>20</b> de Nueva Zelanda <b>2015</b> en el AMI&nbsp;...','http://www.laprensa.hn/deportes/846038-410/honduras-cay%C3%B3-estrepitosamente-contra-fiji-en-el-mundial-sub-20','La Prensa de Honduras',1433460241),(51,29,'Alondra García Miró alentó a <b>Paolo Guerrero</b> desde la tribuna','source_description','http://elcomercio.pe/tvmas/farandula/alondra-garcia-miro-alienta-paolo-guerrero-desde-tribuna-noticia-1816086','El Comercio',1433460241),(52,29,'<b>Paolo Guerrero</b>: Alondra García Miró emocionó a periodistas <b>...</b>','Pero los halagos hacia Alondra García Miró no fueron los únicos. El suertudo <b>Paolo Guerrero</b> también se llevó las palmas de los mexicanos por tener tan guapísima novia. “Maldito Guerrero. Este Guerrero es un goleador en todos los aspectos de la vida.','http://depor.pe/futbol-peruano/paolo-guerrero-alondra-garcia-miro-emociono-periodistas-mexicanos-1044601','Diario Depor',1433460241),(53,30,'El deteriorado estado de <b>Val Kilmer</b> enciende las alarmas sobre su <b>...</b>','source_description','http://www.publimetro.cl/nota/showbiz/el-deteriorado-estado-de-val-kilmer-enciende-las-alarmas-sobre-su-salud/oEpofc!S9R14m61nqr3T_Xr8bp2rQ/','Publimetro Chile',1433460241),(54,30,'<b>Val Kilmer</b> está delicado de salud','El actor <b>Val Kilmer</b> conocido por las cintas &#39;Batman Forever&#39; o &#39;El príncipe de Egipto&#39;, recientemente lo vieron paseando por las calles de Malibú, con un aspecto muy delgado y decaído, llevaba una bufanda cubriendo su cuello y esto se debe a que hace&nbsp;...','http://los40.com.mx/los40/2015/06/04/cinetv/1433443629_078761.html','los40',1433460241),(55,31,'#Vídeo fotógrafos le dan la espalda a <b>Malillany Marín</b>','source_description','http://www.debate.com.mx/show/Video-fotografos-le-dan-la-espalda-a-Malillany-Marin-20150604-0071.html','EL DEBATE (Comunicado de prensa) (Registro)',1433460241),(56,31,'Fotógrafos le dan a espalda a <b>Malillany Marín</b>, ¡se...','El pasado mes de abril diversos fotógrafos dedicados a cubrir la fuente de espectáculos organizaron la tercera edición de la Expo Espectáculos en Plaza Galerías de las Estrellas, misma que culminó la primera semana de mayo y que pretendía tener como&nbsp;...','http://www.tvnotas.com.mx/2015/06/03/C-73767-fotografos-le-dan-a-espalda-a-malillany-marin-se-vengaron.php','TVNotas',1433460241),(57,32,'Inicia la segunda mitad del <b>México vs Perú</b>, sale Márquez','source_description','http://www.debate.com.mx/deportes/Inicia-la-segunda-mitad-del-Mexico-vs-Peru-sale-Marquez-20150603-0220.html','EL DEBATE (Comunicado de prensa) (Registro)',1433460241),(58,32,'<b>Perú</b> y <b>México</b> empataron 1-1 en el amistoso previo a la Copa <b>...</b>','<b>Perú</b> empató 1-1 ante <b>México</b> en el Estadio Nacional. La blanquirroja jugó su último amistoso de preparación para la Copa América 2015 antes de su debut ante Brasil, el 14 de junio. La selección peruana tuvo un buen primer tiempo con asociaciones entre&nbsp;...','http://peru21.pe/deportes/peru-vs-mexico-vivo-conoce-alineaciones-hora-canal-partido-2220093','Diario Perú21',1433460241),(59,33,'<b>Joseph Blatter</b> regresa a las oficinas de FIFA tras anuncio de renuncia','source_description','http://espndeportes.espn.go.com/news/story/_/id/2388937/joseph-blatter-regresa-a-las-oficinas-de-fifa-tras-anuncio-de-renuncia','ESPN Deportes',1433460241),(60,33,'<b>Joseph Blatter</b> puso su renuncia al frente de la FIFA','<b>Joseph Blatter</b> puso su renuncia al frente de la FIFA. El suizo, de 79 años, anunció su dimisión en una conferencia de prensa en Zúrich, seis días después de que el FBI realizó una redada en un hotel en la ciudad suiza y arrestó a varios funcionarios de <b>...</b>','http://www.eluniversal.com/deportes/futbol/150602/joseph-blatter-puso-su-renuncia-al-frente-de-la-fifa','El Universal (Venezuela)',1433460241),(61,34,'El <b>huracán</b> &#39;<b>Blanca</b>&#39; desciende a categoría 2, pero sí provocará lluvias','source_description','http://mexico.cnn.com/nacional/2015/06/03/el-huracan-blanca-provocara-lluvias-en-17-estados-y-el-df','CNN México.com',1433460241),(62,34,'<b>Huracán Blanca</b> cambia trayectoria; ya no apunta directamente a BCS','El comportamiento de <b>Blanca</b> ha sido errático. Ahora se abrió un poco al oeste. Hasta ayer a las 6 de la tarde el <b>huracán</b> presentaba una trayectoria directo a la punta de Cabo San Lucas en Baja California Sur, y hoy por la mañana los modelos nos dicen&nbsp;...','http://www.excelsior.com.mx/nacional/2015/06/04/1027642','Excélsior (Comunicado de prensa) (blog)',1433460241),(63,35,'Mantiene México esperanza','source_description','http://laaficion.milenio.com/seleccionmexicana/hirving_lozano_gol-mexico_uruguay-mundial_sub_20-nueva_zelanda_0_529747025.html','Milenio.com',1433460241),(64,35,'<b>Mundial Sub20</b> México gana de último minuto','De manera por demás dramática, en el último suspiro y con un gran gol, la Selección Mexicana logró su primera victoria en la Copa del Mundo <b>Sub</b>-<b>20</b> Nueva Zelanda 2015, al vencer 2-1 a Uruguay. Los goles de la victoria del cuadro mexicano fueron obra&nbsp;...','http://www.eluniversal.com.mx/deportes/2015/mundial-sub20-mexico-gana-de-ultimo-minuto-1104609.html','El Universal',1433460241),(65,36,'Resultado <b>México vs Uruguay</b> en Mundial Sub-20 2015 (2-1)','source_description','http://www.vavel.com/mx/futbol-mexicano/seleccion-mexicana/496737-mexico-vs-uruguay-en-vivo-y-en-directo-online-en-copa-mundial-sub-20-2015.html','VAVEL.com',1433460241),(66,36,'EN VIVO: <b>Uruguay</b> hace el del empate','Disparo de Guzmán que sale por encima del arco de <b>Uruguay</b>. Min 20. González salva al Tri con una gran atajada tras un disparo de media distancia. Min 19. <b>México</b> se salva, el portero González hace un mal despeje y el remate de los charrúas apenas&nbsp;...','http://www.publimetro.com.mx/publisport/en-vivo-mexico-vs-uruguay-mundial-sub-20/mofc!XJQ8EwPPzOmg/','Publimetro',1433460241),(67,37,'<b>Cae avioneta en Querétaro</b>; cierran autopista','source_description','http://noticieros.televisa.com/mexico-estados/1506/cae-avioneta-queretaro-cierran-autopista/','Noticieros Televisa',1433460241),(68,37,'<b>Cae avioneta</b> sobre la México-<b>Querétaro</b>; reportan 5 muertos','Hasta el momento se desconocen las causas del accidente, sólo que la aeronave salió del Aeropuerto Intercontinental de <b>Querétaro</b> (AIQ), que era una <b>avioneta</b> de la empresa Transportes Saltillo Monterrey (TSM), y que se trataba de un modelo M3 bimotor&nbsp;...','http://www.elfinanciero.com.mx/bajio/cae-avioneta-sobre-la-mexico-queretaro.html','El Financiero',1433460241),(69,38,'El INE pidió la <b>ley seca</b> en el DF: Héctor Serrano','source_description','http://www.milenio.com/df/Ley_seca_elecciones_DF-GDF_ley_seca-Hector_Serrano_ley_seca_7_de_junio_0_530347040.html','Milenio.com',1433460241),(70,38,'El INE solicitó <b>Ley Seca</b> en el DF, dice Serrano','... pero estamos obligados como gobierno a cumplir con la ley, y en el oficio que fue turnado a esta Secretaría fueron invocados los artículos respectivos que nos obliga a presentar desde a partir del primer minuto del sábado la <b>ley seca</b> que concluirá <b>...</b>','http://www.informador.com.mx/mexico/2015/595938/6/el-ine-solicito-ley-seca-en-el-df-dice-serrano.htm','Informador.com.mx',1433460241),(71,39,'¿Quién era <b>Miguel Ángel Luna Munguía</b>?','source_description','http://www.milenio.com/policia/perfil_miguel_angel_munguia-miguel_angel_munguia-candidato_prd_chalco_0_529147348.html','Milenio.com',1433460241),(72,39,'PGJEM tiene dos retratos hablados de homicidas de candidato','VALLE DE CHALCO, 3 de junio.- A un día del asesinato del candidato del PRD a diputado federal por el Distrito XXXII, <b>Miguel Ángel Luna Munguía</b>, la Procuraduría General de Justicia del Estado de México cuenta con dos retratos hablados y dos principales&nbsp;...','http://www.excelsior.com.mx/comunidad/2015/06/03/1027545','Excélsior (Comunicado de prensa) (blog)',1433460241),(73,40,'Hija de <b>Ivonne Montero</b> está en estado crítico','source_description','http://www.elsiglodetorreon.com.mx/noticia/1120582.hija-de-ivonne-montero-esta-en-estado-critico.html','El Siglo de Torreón',1433460241),(74,40,'Hija de <b>Ivonne Montero</b> se encuentra en terapia intensiva. Con Flor <b>...</b>','Hija de <b>Ivonne Montero</b> se encuentra en terapia intensiva. Con Flor Rubio. 02 de Junio, 2015. En su cuenta de Twitter, la actriz pidió a todos sus seguidores que se unieran a una cadena de oración para Antonella escribió &quot;..en estos lugares se sufre de&nbsp;...','http://www.radioformula.com.mx/notas.asp?Idn=506873&idFC=2015','RadioFórmula',1433460241),(75,41,'Regresa Alfredo Perro Angulo','source_description','http://deportes.televisa.com/boxeo/2015-06-03/regresa-alfredo-perro-angulo/','TelevisaDeportes.com',1433460356),(76,42,'¿Tv <b>Azteca</b> realmente podría ir a la quiebra?','source_description','http://www.economiahoy.mx/economiahoy/opinion/noticias/6764205/06/15/Tv-Azteca-realmente-podria-ir-a-la-quiebra.html','Economíahoy.mx',1433460356),(77,43,'Entender y vivir el <b>Corpus Christi</b>','source_description','http://www.aleteia.org/es/religion/articulo/entender-y-vivir-el-corpus-christi-5907531528404992','Aleteia ES',1433460356),(78,43,'Hoy celebramos la Solemnidad del <b>Corpus Christi</b>','Un milagro eucarístico del siglo XIII fue el origen de la Fiesta del <b>Corpus Christi</b>, que la Iglesia celebra el jueves siguiente a la Solemnidad de la Santísima Trinidad; aunque en algunos países las Iglesias locales deciden trasladarla para el domingo <b>...</b>','https://www.aciprensa.com/noticias/hoy-celebramos-la-solemnidad-del-corpus-christi-el-milagro-de-amor-55794/','ACI Prensa',1433460356),(79,44,'<b>Rafa Benítez</b> fue presentado en el Real Madrid','source_description','http://www.clarin.com/deportes/futbol-internacional/Rafa-Benitez-presentado-Real-Madrid_0_1369063233.html','Clarín.com',1433460356),(80,44,'El español <b>Rafael Benítez</b> es el nuevo entrenador del Real Madrid','El Real Madrid anunció este miércoles el nombramiento del español <b>Rafael Benítez</b>, que sucede durante tres temporadas a Carlo Ancelotti y llega con la dura tarea de hacerlo tan bien como el italiano, victorioso en la Liga de Campeones del año pasado.','http://www.infobae.com/2015/06/03/1732888-el-espanol-rafael-benitez-es-el-nuevo-entrenador-del-real-madrid','InfoBAE.com',1433460356),(81,45,'Otro importante grupo pide boicotear a <b>Iggy Azalea</b> ¿Por qué todos <b>...</b>','source_description','http://la.eonline.com/andes/2015/otro-importante-grupo-pide-boicotear-a-iggy-azalea-por-que-todos-la-estan-odiando-video/','E! Online Latino | Andes',1433460356),(82,46,'A qué hora juega México vs Marruecos en <b>Esperanzas de Toulon</b>','source_description','http://deportes.terra.com.mx/futbol/el-tri/mexico-vs-marruecos-en-vivo-online-torneo-esperanzas-de-toulon-2015,34a2480dcfd99df859b5106d4db035d7c1wsRCRD.html','Terra México',1433460356),(83,46,'VIDEO: México vence a Inglaterra en el torneo <b>Esperanzas de Toulon</b>','La Selección Mexicana Sub-22 que dirige Raúl &#39;Potro&#39; Gutiérrez venció 2-1 al representativo de Inglaterra en el Torneo <b>Esperanzas de Toulon</b>, resultado con el cual se perfila para jugar la Final del certamen que se realiza en Francia y buscar su segundo&nbsp;...','http://www.sdpnoticias.com/deportes/2015/06/03/video-mexico-vence-a-inglaterra-en-el-torneo-esperanzas-de-toulon','SDPnoticias.com',1433460356),(84,47,'<b>Fallout 4</b> llegará a PC, Xbox One y PlayStation 4','source_description','http://es.gizmodo.com/hoy-llega-fallout-4-y-esta-es-su-primera-imagen-oficial-1708678932','Gizmodo en Español',1433460356),(85,47,'El debate sobre los gráficos vuelve con <b>Fallout 4</b>','Entre otras cosas, hablamos de una pieza que, lejos de ser una CGI nada representativa con respecto al producto final, utiliza el motor del juego en todo momento. Y es justo eso lo que más polémica está levantando. ¿Es <b>Fallout 4</b> un juego decepcionante&nbsp;...','http://hipertextual.com/2015/06/fallout-4-graficos','Hipertextual',1433460356),(86,48,'Honduras 0-3 Fiyi: Sorpresiva caída catracha en el <b>Mundial Sub 20</b>','source_description','http://futbol.univision.com/mundial-sub20/article/2015-06-04/honduras-0-3-fiyi-sorpresiva-mundial-sub-20-nueva-zelanda','Univisión',1433460356),(87,48,'Honduras cayó estrepitosamente contra Fiji en el <b>Mundial Sub</b>-<b>20</b>','Honduras cayó sorpresivamente y de una manera catastrófica 0-3 contra Fiji, que venía de ser goleada (8-1) por Alemania, pero que este miércoles dio la campanada de la segunda jornada del <b>Mundial Sub</b>-<b>20</b> de Nueva Zelanda <b>2015</b> en el AMI&nbsp;...','http://www.laprensa.hn/deportes/846038-410/honduras-cay%C3%B3-estrepitosamente-contra-fiji-en-el-mundial-sub-20','La Prensa de Honduras',1433460356),(88,49,'Alondra García Miró alentó a <b>Paolo Guerrero</b> desde la tribuna','source_description','http://elcomercio.pe/tvmas/farandula/alondra-garcia-miro-alienta-paolo-guerrero-desde-tribuna-noticia-1816086','El Comercio',1433460356),(89,49,'<b>Paolo Guerrero</b>: Alondra García Miró emocionó a periodistas <b>...</b>','Pero los halagos hacia Alondra García Miró no fueron los únicos. El suertudo <b>Paolo Guerrero</b> también se llevó las palmas de los mexicanos por tener tan guapísima novia. “Maldito Guerrero. Este Guerrero es un goleador en todos los aspectos de la vida.','http://depor.pe/futbol-peruano/paolo-guerrero-alondra-garcia-miro-emociono-periodistas-mexicanos-1044601','Diario Depor',1433460356),(90,50,'El deteriorado estado de <b>Val Kilmer</b> enciende las alarmas sobre su <b>...</b>','source_description','http://www.publimetro.cl/nota/showbiz/el-deteriorado-estado-de-val-kilmer-enciende-las-alarmas-sobre-su-salud/oEpofc!S9R14m61nqr3T_Xr8bp2rQ/','Publimetro Chile',1433460356),(91,50,'<b>Val Kilmer</b> está delicado de salud','El actor <b>Val Kilmer</b> conocido por las cintas &#39;Batman Forever&#39; o &#39;El príncipe de Egipto&#39;, recientemente lo vieron paseando por las calles de Malibú, con un aspecto muy delgado y decaído, llevaba una bufanda cubriendo su cuello y esto se debe a que hace&nbsp;...','http://los40.com.mx/los40/2015/06/04/cinetv/1433443629_078761.html','los40',1433460356),(92,51,'#Vídeo fotógrafos le dan la espalda a <b>Malillany Marín</b>','source_description','http://www.debate.com.mx/show/Video-fotografos-le-dan-la-espalda-a-Malillany-Marin-20150604-0071.html','EL DEBATE (Comunicado de prensa) (Registro)',1433460356),(93,51,'Fotógrafos le dan a espalda a <b>Malillany Marín</b>, ¡se...','El pasado mes de abril diversos fotógrafos dedicados a cubrir la fuente de espectáculos organizaron la tercera edición de la Expo Espectáculos en Plaza Galerías de las Estrellas, misma que culminó la primera semana de mayo y que pretendía tener como&nbsp;...','http://www.tvnotas.com.mx/2015/06/03/C-73767-fotografos-le-dan-a-espalda-a-malillany-marin-se-vengaron.php','TVNotas',1433460356),(94,52,'Inicia la segunda mitad del <b>México vs Perú</b>, sale Márquez','source_description','http://www.debate.com.mx/deportes/Inicia-la-segunda-mitad-del-Mexico-vs-Peru-sale-Marquez-20150603-0220.html','EL DEBATE (Comunicado de prensa) (Registro)',1433460356),(95,52,'<b>Perú</b> y <b>México</b> empataron 1-1 en el amistoso previo a la Copa <b>...</b>','<b>Perú</b> empató 1-1 ante <b>México</b> en el Estadio Nacional. La blanquirroja jugó su último amistoso de preparación para la Copa América 2015 antes de su debut ante Brasil, el 14 de junio. La selección peruana tuvo un buen primer tiempo con asociaciones entre&nbsp;...','http://peru21.pe/deportes/peru-vs-mexico-vivo-conoce-alineaciones-hora-canal-partido-2220093','Diario Perú21',1433460356),(96,53,'<b>Joseph Blatter</b> regresa a las oficinas de FIFA tras anuncio de renuncia','source_description','http://espndeportes.espn.go.com/news/story/_/id/2388937/joseph-blatter-regresa-a-las-oficinas-de-fifa-tras-anuncio-de-renuncia','ESPN Deportes',1433460356),(97,53,'<b>Joseph Blatter</b> puso su renuncia al frente de la FIFA','<b>Joseph Blatter</b> puso su renuncia al frente de la FIFA. El suizo, de 79 años, anunció su dimisión en una conferencia de prensa en Zúrich, seis días después de que el FBI realizó una redada en un hotel en la ciudad suiza y arrestó a varios funcionarios de <b>...</b>','http://www.eluniversal.com/deportes/futbol/150602/joseph-blatter-puso-su-renuncia-al-frente-de-la-fifa','El Universal (Venezuela)',1433460356),(98,54,'El <b>huracán</b> &#39;<b>Blanca</b>&#39; desciende a categoría 2, pero sí provocará lluvias','source_description','http://mexico.cnn.com/nacional/2015/06/03/el-huracan-blanca-provocara-lluvias-en-17-estados-y-el-df','CNN México.com',1433460356),(99,54,'<b>Huracán Blanca</b> cambia trayectoria; ya no apunta directamente a BCS','El comportamiento de <b>Blanca</b> ha sido errático. Ahora se abrió un poco al oeste. Hasta ayer a las 6 de la tarde el <b>huracán</b> presentaba una trayectoria directo a la punta de Cabo San Lucas en Baja California Sur, y hoy por la mañana los modelos nos dicen&nbsp;...','http://www.excelsior.com.mx/nacional/2015/06/04/1027642','Excélsior (Comunicado de prensa) (blog)',1433460356),(100,55,'Mantiene México esperanza','source_description','http://laaficion.milenio.com/seleccionmexicana/hirving_lozano_gol-mexico_uruguay-mundial_sub_20-nueva_zelanda_0_529747025.html','Milenio.com',1433460356),(101,55,'<b>Mundial Sub20</b> México gana de último minuto','De manera por demás dramática, en el último suspiro y con un gran gol, la Selección Mexicana logró su primera victoria en la Copa del Mundo <b>Sub</b>-<b>20</b> Nueva Zelanda 2015, al vencer 2-1 a Uruguay. Los goles de la victoria del cuadro mexicano fueron obra&nbsp;...','http://www.eluniversal.com.mx/deportes/2015/mundial-sub20-mexico-gana-de-ultimo-minuto-1104609.html','El Universal',1433460356),(102,56,'Resultado <b>México vs Uruguay</b> en Mundial Sub-20 2015 (2-1)','source_description','http://www.vavel.com/mx/futbol-mexicano/seleccion-mexicana/496737-mexico-vs-uruguay-en-vivo-y-en-directo-online-en-copa-mundial-sub-20-2015.html','VAVEL.com',1433460356),(103,56,'EN VIVO: <b>Uruguay</b> hace el del empate','Disparo de Guzmán que sale por encima del arco de <b>Uruguay</b>. Min 20. González salva al Tri con una gran atajada tras un disparo de media distancia. Min 19. <b>México</b> se salva, el portero González hace un mal despeje y el remate de los charrúas apenas&nbsp;...','http://www.publimetro.com.mx/publisport/en-vivo-mexico-vs-uruguay-mundial-sub-20/mofc!XJQ8EwPPzOmg/','Publimetro',1433460356),(104,57,'<b>Cae avioneta en Querétaro</b>; cierran autopista','source_description','http://noticieros.televisa.com/mexico-estados/1506/cae-avioneta-queretaro-cierran-autopista/','Noticieros Televisa',1433460356),(105,57,'<b>Cae avioneta</b> sobre la México-<b>Querétaro</b>; reportan 5 muertos','Hasta el momento se desconocen las causas del accidente, sólo que la aeronave salió del Aeropuerto Intercontinental de <b>Querétaro</b> (AIQ), que era una <b>avioneta</b> de la empresa Transportes Saltillo Monterrey (TSM), y que se trataba de un modelo M3 bimotor&nbsp;...','http://www.elfinanciero.com.mx/bajio/cae-avioneta-sobre-la-mexico-queretaro.html','El Financiero',1433460356),(106,58,'El INE pidió la <b>ley seca</b> en el DF: Héctor Serrano','source_description','http://www.milenio.com/df/Ley_seca_elecciones_DF-GDF_ley_seca-Hector_Serrano_ley_seca_7_de_junio_0_530347040.html','Milenio.com',1433460356),(107,58,'El INE solicitó <b>Ley Seca</b> en el DF, dice Serrano','... pero estamos obligados como gobierno a cumplir con la ley, y en el oficio que fue turnado a esta Secretaría fueron invocados los artículos respectivos que nos obliga a presentar desde a partir del primer minuto del sábado la <b>ley seca</b> que concluirá <b>...</b>','http://www.informador.com.mx/mexico/2015/595938/6/el-ine-solicito-ley-seca-en-el-df-dice-serrano.htm','Informador.com.mx',1433460356),(108,59,'¿Quién era <b>Miguel Ángel Luna Munguía</b>?','source_description','http://www.milenio.com/policia/perfil_miguel_angel_munguia-miguel_angel_munguia-candidato_prd_chalco_0_529147348.html','Milenio.com',1433460356),(109,59,'PGJEM tiene dos retratos hablados de homicidas de candidato','VALLE DE CHALCO, 3 de junio.- A un día del asesinato del candidato del PRD a diputado federal por el Distrito XXXII, <b>Miguel Ángel Luna Munguía</b>, la Procuraduría General de Justicia del Estado de México cuenta con dos retratos hablados y dos principales&nbsp;...','http://www.excelsior.com.mx/comunidad/2015/06/03/1027545','Excélsior (Comunicado de prensa) (blog)',1433460356),(110,60,'Hija de <b>Ivonne Montero</b> está en estado crítico','source_description','http://www.elsiglodetorreon.com.mx/noticia/1120582.hija-de-ivonne-montero-esta-en-estado-critico.html','El Siglo de Torreón',1433460356),(111,60,'Hija de <b>Ivonne Montero</b> se encuentra en terapia intensiva. Con Flor <b>...</b>','Hija de <b>Ivonne Montero</b> se encuentra en terapia intensiva. Con Flor Rubio. 02 de Junio, 2015. En su cuenta de Twitter, la actriz pidió a todos sus seguidores que se unieran a una cadena de oración para Antonella escribió &quot;..en estos lugares se sufre de&nbsp;...','http://www.radioformula.com.mx/notas.asp?Idn=506873&idFC=2015','RadioFórmula',1433460356);
/*!40000 ALTER TABLE `trendsTermsSource` ENABLE KEYS */;
UNLOCK TABLES;
/*!40103 SET TIME_ZONE=@OLD_TIME_ZONE */;

/*!40101 SET SQL_MODE=@OLD_SQL_MODE */;
/*!40014 SET FOREIGN_KEY_CHECKS=@OLD_FOREIGN_KEY_CHECKS */;
/*!40014 SET UNIQUE_CHECKS=@OLD_UNIQUE_CHECKS */;
/*!40101 SET CHARACTER_SET_CLIENT=@OLD_CHARACTER_SET_CLIENT */;
/*!40101 SET CHARACTER_SET_RESULTS=@OLD_CHARACTER_SET_RESULTS */;
/*!40101 SET COLLATION_CONNECTION=@OLD_COLLATION_CONNECTION */;
/*!40111 SET SQL_NOTES=@OLD_SQL_NOTES */;

-- Dump completed on 2015-06-04 19:04:10
